{"cameraMode":{"drawMode":0,"name":"Shaded","section":"Shading Mode"},"sceneLighting":false,"audioPlay":false,"sceneViewState":{"showFog":true,"showMaterialUpdate":true,"showSkybox":false,"showFlares":true,"showImageEffects":true,"showParticleSystems":true},"in2DMode":false,"pivot":{"x":0.96875,"y":2.51806640625,"z":0.07276535034179688},"rotation":{"x":-0.02245691977441311,"y":0.6626899242401123,"z":-0.019885195419192315,"w":-0.748301088809967},"size":3.348717451095581,"orthographic":true}