{"cameraMode":{"drawMode":0,"name":"Shaded","section":"Shading Mode"},"sceneLighting":false,"audioPlay":false,"sceneViewState":{"showFog":true,"showMaterialUpdate":true,"showSkybox":false,"showFlares":true,"showImageEffects":true,"showParticleSystems":true},"in2DMode":false,"pivot":{"x":15.749969482421875,"y":1.7303314208984376,"z":16.552406311035158},"rotation":{"x":-0.19019879400730134,"y":0.4165095388889313,"z":-0.0895630419254303,"w":-0.8844959139823914},"size":169.4372100830078,"orthographic":false}