{"cameraMode":{"drawMode":0,"name":"Shaded","section":"Shading Mode"},"sceneLighting":false,"audioPlay":false,"sceneViewState":{"showFog":true,"showMaterialUpdate":true,"showSkybox":false,"showFlares":true,"showImageEffects":true,"showParticleSystems":true},"in2DMode":false,"pivot":{"x":518.1632080078125,"y":289.5827941894531,"z":-144.91363525390626},"rotation":{"x":0.05996033921837807,"y":-0.01048092171549797,"z":0.0006295773200690746,"w":0.9981455206871033},"size":745.8064575195313,"orthographic":false}